{
  "analysis_policy": {
    "description": "Successful required intervention arms with finite primary raw/SAE effects define the estimand; invariant gates are reported as numerical diagnostics rather than exclusion criteria.",
    "diagnostic_gate_checks": [
      "gate_activation_pass",
      "gate_margin_pass",
      "gate_score_pass",
      "gate_clt_equiv_pass",
      "gate_identity_pass",
      "invariant_all_pass"
    ],
    "fatal_row_eligibility_checks": [
      "all_required_arms_success",
      "finite_effect_A",
      "finite_effect_C"
    ],
    "upstream_validity_prerequisites": [
      "aligned_spans"
    ],
    "version": "all_arms_success_with_diagnostic_invariant_gates_v1"
  },
  "counts": {
    "n_invariant_fail_rows": 5,
    "n_pairs_analysis_included": 52,
    "n_rows_analysis_included": 520,
    "n_rows_total": 520
  },
  "dataset": {
    "bundle_id": "db5cb11757fce2cc6f803baedb11173c0ccee311c839fe8103cb4f974bcba0c6",
    "disamb_path": "data_paper_hardened_v2/disamb_pairs.jsonl",
    "manifest_sha256": "81bc6129775ff29a650a1eebfbfe9dded6a3923e877b740fa744989440d564d0"
  },
  "execution_profile_id": "sae_writeback_limitation_v1",
  "layer": 8,
  "metrics": {
    "crr": {
      "ci_high": 1.3202074864711224,
      "ci_low": 0.748895722970155,
      "mean": 0.974241724215043
    },
    "fidelity_cosine": {
      "ci_high": 0.9981887062817006,
      "ci_low": 0.9978903789930134,
      "mean": 0.9980438883254851
    },
    "fidelity_fvu": {
      "ci_high": 0.21629720731680396,
      "ci_low": 0.027153809156766136,
      "mean": 0.06043187019007962
    },
    "fidelity_rel_mse": {
      "ci_high": 0.007454295352548488,
      "ci_low": 0.006021247697909087,
      "mean": 0.006715491038968216
    },
    "pca_effect": {
      "ci_high": 1.0334531437655483,
      "ci_low": 0.38739582052056665,
      "mean": 0.6883379919887382
    },
    "raw_effect": {
      "ci_high": 1.3362984197205798,
      "ci_low": 0.5482361723019866,
      "mean": 0.9314310106087533
    },
    "sae_effect": {
      "ci_high": 1.2616548721413199,
      "ci_low": 0.5857442197445688,
      "mean": 0.9074389537628318
    },
    "sae_minus_raw": {
      "ci_high": 0.22425689200065163,
      "ci_low": -0.269695348683747,
      "mean": -0.023992056845921837
    }
  },
  "model": {
    "id": "google/gemma-3-4b-pt",
    "revision": "cc012e0a6d0787b4adcc0fa2c4da74402494554d",
    "tokenizer_revision": "cc012e0a6d0787b4adcc0fa2c4da74402494554d"
  },
  "publication_profile": "sae_writeback_limitation",
  "run": {
    "bootstrap_n": 1000,
    "bootstrap_seed": 42,
    "ci": 0.95,
    "device": "cpu",
    "git_commit": "2a8f753b810adb389abf3702a219ceb180f94ccd",
    "seed": 42,
    "source_schema_version": "",
    "torch_dtype": "float32"
  },
  "sae": {
    "bundle_id": "c50c24b2b45322e28d2eae9f7f7cf82f55cb523653010d06977fde3b60a79f84",
    "bundle_manifest_sha256": "03bff6c4498fdcb1b5298dbae7d95992a74f08ccbef5a155837108d7a9b04199",
    "repo": "clt_bundles/sae_writeback_limitation_release"
  },
  "source_artifacts": {
    "comparability_summary": "results/sae_writeback_limitation_release/source/comparability/gemma3_4b_comparability.summary.json",
    "comparability_summary_sha256": "bfd28cdf8cbdc11626adf6628985797372970d325951c99031710f01b44cc068"
  },
  "summary_schema_version": "sae_writeback_limitation_comparability_v1"
}
