layer,fidelity_cosine_mean,fidelity_cosine_ci_low,fidelity_cosine_ci_high,fidelity_fvu_mean,fidelity_fvu_ci_low,fidelity_fvu_ci_high,raw_effect_mean,raw_effect_ci_low,raw_effect_ci_high,sae_effect_mean,sae_effect_ci_low,sae_effect_ci_high,sae_minus_raw_mean,sae_minus_raw_ci_low,sae_minus_raw_ci_high,crr_mean,crr_ci_low,crr_ci_high
4,0.9967117219983206,0.9964750173745393,0.9969516509086387,0.13743537524914903,0.1260135530669323,0.1504139320901102,0.8153562210358772,0.4231267177541,1.2174807551947258,0.5062841633465409,0.15546626607205388,0.846232866959888,-0.3090720576893364,-0.6361898140457328,-0.027020565795481153,0.6209361629734391,0.2633298425672501,0.9540946856885107
5,0.9967912131768243,0.9965949791266085,0.9969969659587188,0.18046882495375716,0.1666967679024923,0.19626225291779711,0.7476501174689024,0.3311356691250932,1.1809048263834776,0.6787569830398957,0.295872934866774,1.0985315323201141,-0.06889313442900705,-0.27084375395299587,0.14029856412541358,0.9078537770284344,0.626254299122622,1.2748420810409185
8,0.9980438883254851,0.9978903789930134,0.9981887062817006,0.06043187019007962,0.027153809156766136,0.21629720731680396,0.9314310106087533,0.5482361723019866,1.3362984197205798,0.9074389537628318,0.5857442197445688,1.2616548721413199,-0.023992056845921837,-0.269695348683747,0.22425689200065163,0.974241724215043,0.748895722970155,1.3202074864711224
11,0.9987339868290592,0.9986528452189968,0.9988082026439492,0.3364500021697519,0.270152604601553,0.4288123699186521,0.7072232961033768,0.38455519788428877,1.0559877509128528,0.4076565932133681,0.1327609744624416,0.7093271123375338,-0.2995667028900085,-0.501869622402003,-0.0919295760509493,0.5764185024156498,0.28497400865441824,0.8239267456188771
16,0.9982054310278413,0.9981163184437569,0.9982866147525822,0.538381215750847,0.43627720114501123,0.6657203492192644,0.5524754559505859,0.3091529917271897,0.8080239379500812,0.3489645828224386,0.14637143735417027,0.5767669686997604,-0.2035108731281472,-0.3965390745801848,-0.02339575136856414,0.6316381643090593,0.3250419581571795,0.939683331519338
