layer,n_pairs_analysis_included,n_invariant_fail_rows,fidelity_cosine_mean,fidelity_cosine_ci_low,fidelity_cosine_ci_high,fidelity_rel_mse_mean,fidelity_rel_mse_ci_low,fidelity_rel_mse_ci_high,raw_effect_mean,raw_effect_ci_low,raw_effect_ci_high,sae_effect_mean,sae_effect_ci_low,sae_effect_ci_high,sae_minus_raw_mean,sae_minus_raw_ci_low,sae_minus_raw_ci_high,crr_mean,crr_ci_low,crr_ci_high,pca_effect_mean,pca_effect_ci_low,pca_effect_ci_high
4,52,5,0.9967117219983206,0.9964750173745393,0.9969516509086387,0.007236414525499397,0.006668245832796539,0.0078048871223174625,0.8153562210358772,0.4231267177541,1.2174807551947258,0.5062841633465409,0.15546626607205388,0.846232866959888,-0.3090720576893364,-0.6361898140457328,-0.027020565795481153,0.6209361629734391,0.2633298425672501,0.9540946856885107,0.8287251461290778,0.4858559748773765,1.1937246009464648
8,52,5,0.9980438883254851,0.9978903789930134,0.9981887062817006,0.006715491038968216,0.006021247697909087,0.007454295352548488,0.9314310106087533,0.5482361723019866,1.3362984197205798,0.9074389537628318,0.5857442197445688,1.2616548721413199,-0.023992056845921837,-0.269695348683747,0.22425689200065163,0.974241724215043,0.748895722970155,1.3202074864711224,0.6883379919887382,0.38739582052056665,1.0334531437655483
