layer,pair_id,direction,target,gate_activation_pass,gate_margin_pass,gate_score_pass,gate_clt_equiv_pass,gate_identity_pass,gate_activation_ratio,gate_margin_abs_diff,gate_score_abs_diff_exp,gate_score_abs_diff_other,gate_clt_effect_abs_diff_C,gate_clt_effect_abs_diff_D,gate_identity_abs_effect_raw,gate_identity_abs_effect_clt
4,match-lex-2,b_to_a,match,True,False,False,True,True,1.7227644366720602e-09,0.00020134002404770257,5.775754980952286e-05,0.00014358247423817971,3.473785788976613e-05,9.978600458460107e-05,2.168818619452395e-05,2.785518952030941e-05
4,mole-lex-3,b_to_a,mole,True,True,False,True,True,7.994775864235132e-10,9.688393951634566e-05,0.0001661882074870391,6.930426797113753e-05,0.0,2.8538700114211224e-06,0.0,0.0
4,bark-lex-0,a_to_b,bark,True,True,False,True,True,1.6678824724940894e-09,8.369291205045926e-05,3.2137985296110116e-05,0.00011583089734656937,0.0,9.386875067463052e-06,0.0,0.0
5,match-lex-2,b_to_a,match,True,True,True,True,False,1.5737355580813869e-09,3.9272232718268185e-05,5.160358495182038e-05,1.2331352233552195e-05,2.0564846189508046e-05,2.5806290568475276e-05,0.00010146078928663371,9.282117220621444e-06
8,match-lex-2,b_to_a,match,True,True,False,True,True,1.5951147255901708e-09,7.297511247106314e-05,0.00011454120427600856,4.1566091804945415e-05,3.781424723570126e-06,4.15137827580736e-06,2.8358303335807022e-05,1.0472222642832207e-05
