layer,n_all_arms_success,n_invariant_gate_fail,n_gate_activation_fail,n_gate_margin_fail,n_gate_score_fail,n_gate_clt_equiv_fail,n_gate_identity_fail,max_gate_margin_abs_diff,max_gate_score_abs_diff_exp,max_gate_score_abs_diff_other,max_gate_clt_effect_abs_diff_C,max_gate_clt_effect_abs_diff_D,max_gate_identity_abs_effect_raw,max_gate_identity_abs_effect_clt
4,104,3,0,1,3,0,0,0.00020134002404770257,0.0001661882074870391,0.00014358247423817971,3.473785788976613e-05,9.978600458460107e-05,3.560277109571075e-05,2.785518952030941e-05
5,104,1,0,0,0,0,1,5.5367712491261045e-05,7.919818764001718e-05,4.146701016249921e-05,2.7513621533969967e-05,4.2998676955008364e-05,0.00010146078928663371,2.539449066496502e-05
8,104,1,0,0,1,0,0,7.297511247106314e-05,0.00011454120427600856,4.1566091804945415e-05,3.3402759969547446e-05,6.972182749009903e-05,2.8358303335807022e-05,2.6886852858787336e-05
11,104,0,0,0,0,0,0,4.1091687954519784e-05,2.8460428765697543e-05,2.648266531224408e-05,3.155100335572314e-05,4.480374714610491e-05,2.7649070940327647e-05,2.408708409795679e-05
16,104,0,0,0,0,0,0,2.4296015314284602e-05,2.7867523517244308e-05,2.457875218819794e-05,1.758432442322544e-05,3.643976451606079e-05,3.0466138105644802e-05,2.9890693341805274e-05
