layer,k,mass_at_k,n_eval_cases,full_effect_mean,full_effect_ci_low,full_effect_ci_high,topk_effect_mean,topk_effect_ci_low,topk_effect_ci_high
4,20,0.1822104799854982,52,0.4957860315575974,-0.01365773558165326,0.9837844528082008,0.15602175806828134,-0.021846007258452947,0.35517480794187384
4,50,0.3084705138625243,52,0.4957860315575974,-0.01365773558165326,0.9837844528082008,0.1376165991323325,-0.07611803146029503,0.40255930918170196
4,100,0.42639872501246584,52,0.4957860315575974,-0.01365773558165326,0.9837844528082008,0.2845384686327809,0.039836363495311194,0.5354269594864148
8,20,0.17398592427116946,52,0.9074739403567201,0.4896050525930242,1.3866863676130143,0.25913234522136946,0.0656487561935784,0.4600232408317423
8,50,0.28832617919737036,52,0.9074739403567201,0.4896050525930242,1.3866863676130143,0.3419727981529404,0.08572964336185299,0.6297353844137893
8,100,0.39513007171814324,52,0.9074739403567201,0.4896050525930242,1.3866863676130143,0.42659544489634416,0.14561760291707335,0.7307576468548754
