{
  "analysis_policy": {
    "description": "Successful required intervention arms with finite primary raw/SAE effects define the estimand; invariant gates are reported as numerical diagnostics rather than exclusion criteria.",
    "diagnostic_gate_checks": [
      "gate_activation_pass",
      "gate_margin_pass",
      "gate_score_pass",
      "gate_clt_equiv_pass",
      "gate_identity_pass",
      "invariant_all_pass"
    ],
    "fatal_row_eligibility_checks": [
      "all_required_arms_success",
      "finite_effect_A",
      "finite_effect_C"
    ],
    "upstream_validity_prerequisites": [
      "aligned_spans"
    ],
    "version": "all_arms_success_with_diagnostic_invariant_gates_v1"
  },
  "counts": {
    "n_invariant_fail_rows": 5,
    "n_pairs_analysis_included": 52,
    "n_rows_analysis_included": 520,
    "n_rows_total": 520
  },
  "dataset": {
    "bundle_id": "db5cb11757fce2cc6f803baedb11173c0ccee311c839fe8103cb4f974bcba0c6",
    "disamb_path": "data_paper_hardened_v2/disamb_pairs.jsonl",
    "manifest_sha256": "81bc6129775ff29a650a1eebfbfe9dded6a3923e877b740fa744989440d564d0"
  },
  "execution_profile_id": "sae_writeback_limitation_v1",
  "layer": 4,
  "metrics": {
    "crr": {
      "ci_high": 0.9541002228107829,
      "ci_low": 0.2633343866079467,
      "mean": 0.6209286186765209
    },
    "fidelity_cosine": {
      "ci_high": 0.9969513039291132,
      "ci_low": 0.9964746554153046,
      "mean": 0.9967113492075159
    },
    "fidelity_fvu": {
      "ci_high": 0.1504138820780153,
      "ci_low": 0.1260134421605599,
      "mean": 0.13743531227123298
    },
    "fidelity_rel_mse": {
      "ci_high": 0.007804884387576037,
      "ci_low": 0.0066682470335305815,
      "mean": 0.007236416211966222
    },
    "pca_effect": {
      "ci_high": 1.1987273651602686,
      "ci_low": 0.488787435378962,
      "mean": 0.8315795816559317
    },
    "raw_effect": {
      "ci_high": 1.2174372398553017,
      "ci_low": 0.42308919258077043,
      "mean": 0.8153437166387635
    },
    "sae_effect": {
      "ci_high": 0.8461887108682313,
      "ci_low": 0.15546367619998372,
      "mean": 0.5062702477190881
    },
    "sae_minus_raw": {
      "ci_high": -0.027020526862634325,
      "ci_low": -0.636178165916425,
      "mean": -0.30907346891967546
    }
  },
  "model": {
    "id": "google/gemma-3-4b-pt",
    "revision": "cc012e0a6d0787b4adcc0fa2c4da74402494554d",
    "tokenizer_revision": "cc012e0a6d0787b4adcc0fa2c4da74402494554d"
  },
  "publication_profile": "sae_writeback_limitation",
  "run": {
    "bootstrap_n": 1000,
    "bootstrap_seed": 42,
    "ci": 0.95,
    "device": "mps",
    "git_commit": "708509d8a4d55cdaf61de848340fd1cba4312f92",
    "seed": 42,
    "source_schema_version": "",
    "torch_dtype": "float32"
  },
  "sae": {
    "bundle_id": "c50c24b2b45322e28d2eae9f7f7cf82f55cb523653010d06977fde3b60a79f84",
    "bundle_manifest_sha256": "03bff6c4498fdcb1b5298dbae7d95992a74f08ccbef5a155837108d7a9b04199",
    "repo": "clt_bundles/sae_writeback_limitation_release"
  },
  "source_artifacts": {
    "comparability_summary": "results/sae_writeback_limitation_release/source/comparability/gemma3_4b_comparability.summary.json",
    "comparability_summary_sha256": "eb6aedc503cfbbd824ab77317e98c37b971bd9a197a02426f4d1cf724108e0af"
  },
  "summary_schema_version": "sae_writeback_limitation_comparability_v1"
}
