{
  "analysis_policy": {
    "description": "Successful required intervention arms with finite primary raw/SAE effects define the estimand; invariant gates are reported as numerical diagnostics rather than exclusion criteria.",
    "diagnostic_gate_checks": [
      "gate_activation_pass",
      "gate_margin_pass",
      "gate_score_pass",
      "gate_clt_equiv_pass",
      "gate_identity_pass",
      "invariant_all_pass"
    ],
    "fatal_row_eligibility_checks": [
      "all_required_arms_success",
      "finite_effect_A",
      "finite_effect_C"
    ],
    "upstream_validity_prerequisites": [
      "aligned_spans"
    ],
    "version": "all_arms_success_with_diagnostic_invariant_gates_v1"
  },
  "counts": {
    "n_invariant_fail_rows": 5,
    "n_pairs_analysis_included": 52,
    "n_rows_analysis_included": 520,
    "n_rows_total": 520
  },
  "dataset": {
    "bundle_id": "db5cb11757fce2cc6f803baedb11173c0ccee311c839fe8103cb4f974bcba0c6",
    "disamb_path": "data_paper_hardened_v2/disamb_pairs.jsonl",
    "manifest_sha256": "81bc6129775ff29a650a1eebfbfe9dded6a3923e877b740fa744989440d564d0"
  },
  "execution_profile_id": "sae_writeback_limitation_v1",
  "layer": 4,
  "metrics": {
    "crr": {
      "ci_high": 0.9540946856885107,
      "ci_low": 0.2633298425672501,
      "mean": 0.6209361629734391
    },
    "fidelity_cosine": {
      "ci_high": 0.9969516509086387,
      "ci_low": 0.9964750173745393,
      "mean": 0.9967117219983206
    },
    "fidelity_rel_mse": {
      "ci_high": 0.0078048871223174625,
      "ci_low": 0.006668245832796539,
      "mean": 0.007236414525499397
    },
    "pca_effect": {
      "ci_high": 1.1937246009464648,
      "ci_low": 0.4858559748773765,
      "mean": 0.8287251461290778
    },
    "raw_effect": {
      "ci_high": 1.2174807551947258,
      "ci_low": 0.4231267177541,
      "mean": 0.8153562210358772
    },
    "sae_effect": {
      "ci_high": 0.846232866959888,
      "ci_low": 0.15546626607205388,
      "mean": 0.5062841633465409
    },
    "sae_minus_raw": {
      "ci_high": -0.027020565795481153,
      "ci_low": -0.6361898140457328,
      "mean": -0.3090720576893364
    }
  },
  "model": {
    "id": "google/gemma-3-4b-pt",
    "revision": "cc012e0a6d0787b4adcc0fa2c4da74402494554d",
    "tokenizer_revision": "cc012e0a6d0787b4adcc0fa2c4da74402494554d"
  },
  "publication_profile": "sae_writeback_limitation",
  "run": {
    "bootstrap_n": 1000,
    "bootstrap_seed": 42,
    "ci": 0.95,
    "device": "cpu",
    "git_commit": "dcd062f2a804a235cce43d93c8e8458f64c9fd03",
    "seed": 42,
    "source_schema_version": "",
    "torch_dtype": "float32"
  },
  "sae": {
    "bundle_id": "c50c24b2b45322e28d2eae9f7f7cf82f55cb523653010d06977fde3b60a79f84",
    "bundle_manifest_sha256": "03bff6c4498fdcb1b5298dbae7d95992a74f08ccbef5a155837108d7a9b04199",
    "repo": "clt_bundles/sae_writeback_limitation_release"
  },
  "source_artifacts": {
    "comparability_summary": "results/sae_writeback_limitation_release/source/comparability/gemma3_4b_comparability.summary.json",
    "comparability_summary_sha256": "4c289e9a8c42617580f1cdb1e7e9ca724a703f49670b262076d919a8cdf4fc99"
  },
  "summary_schema_version": "sae_writeback_limitation_comparability_v1"
}
